"var","base_demo_sex","count_base","count_img","dist_base","dist_img","dist_diff"
"base_demo_sex","Female",229136,10122,0.455955744816333,0.474476163690058,0.0185204188737246
"base_demo_sex","Male",273404,11211,0.544044255183667,0.525523836309942,-0.0185204188737246
"base_demo_age_bucket","40 to 44",51803,2413,0.103082341704143,0.113111142361599,0.0100288006574564
"base_demo_age_bucket","44 to 49",66083,3333,0.131497990209735,0.156236816200253,0.0247388259905186
"base_demo_age_bucket","50 to 54",76337,4009,0.151902336132447,0.187924811325177,0.0360224751927298
"base_demo_age_bucket","55 to 59",90824,4748,0.180729892147889,0.2225659775934,0.0418360854455112
"base_demo_age_bucket","60 to 64",121484,4678,0.241739960998129,0.219284676323068,-0.0224552846750619
"base_demo_age_bucket","65 to 70",96002,2152,0.191033549568194,0.100876576196503,-0.0901569733716905
"base_demo_age_bucket","70 plus",7,0,1.39292394635253e-05,0,-1.39292394635253e-05
"base_demo_ethnicity_full","01-White",443184,19688,0.881888008914713,0.92288942014719,0.0410014112324765
"base_demo_ethnicity_full","02-White Irish",13209,506,0.0262844748676722,0.0237191206112595,-0.00256535425641267
"base_demo_ethnicity_full","03-White Other",16336,501,0.0325068651251642,0.023484741949093,-0.00902212317607121
"base_demo_ethnicity_full","04-Mixed",2958,87,0.0058860986190154,0.00407818872169878,-0.00180790989731663
"base_demo_ethnicity_full","05-Asian Indian",5951,137,0.0118418434353484,0.00642197534336474,-0.00541986809198369
"base_demo_ethnicity_full","05-Asian Pakistani",1837,45,0.00365543041349942,0.00210940795949937,-0.00154602245400006
"base_demo_ethnicity_full","06-Asian Bangladeshi",236,5,0.000469614359055996,0.000234378662166596,-0.000235235696889399
"base_demo_ethnicity_full","07-Asian Other",1858,26,0.00369721813189,0.0012187690432663,-0.0024784490886237
"base_demo_ethnicity_full","08-Black Carribean",4517,74,0.00898833923667768,0.00346880420006563,-0.00551953503661205
"base_demo_ethnicity_full","09-Black African",3394,47,0.00675369124845783,0.00220315942436601,-0.00455053182409183
"base_demo_ethnicity_full","10-Black Other",150,1,0.000298483702789828,4.68757324333193e-05,-0.000251607970356508
"base_demo_ethnicity_full","11-Other",8910,216,0.0177299319457158,0.010125158205597,-0.0076047737401188
"base_demo_ethnicity_4way","01-White",472729,20695,0.94067934890755,0.970093282707542,0.0294139337999927
"base_demo_ethnicity_4way","02-Mixed/Other",11868,303,0.0236160305647312,0.0142033469272957,-0.00941268363743543
"base_demo_ethnicity_4way","03-Asian",9882,213,0.0196641063397938,0.00998453100829701,-0.00967957533149684
"base_demo_ethnicity_4way","04-Black",8061,122,0.0160405141879253,0.00571883935686495,-0.0103216748310604
"base_demo_white","01-White",472729,20695,0.94067934890755,0.970093282707542,0.0294139337999927
"base_demo_white","02-Non-white",28913,633,0.0575337286584153,0.0296723386302911,-0.0278613900281242
"base_demo_white",NA,898,5,0.0017869224340351,0.000234378662166596,-0.00155254377186851
"base_demo_empl_employed","0",215366,6750,0.428554940900227,0.316411193924905,-0.112143746975322
"base_demo_empl_employed","1",287174,14583,0.571445059099773,0.683588806075095,0.112143746975322
"base_demo_empl_retired","0",325084,15356,0.646881840251522,0.719823747246051,0.0729419069945284
"base_demo_empl_retired","1",177456,5977,0.353118159748478,0.280176252753949,-0.0729419069945284
"base_demo_empl_homemaker","0",476965,20267,0.949108528674334,0.950030469226082,0.000921940551747324
"base_demo_empl_homemaker","1",25575,1066,0.0508914713256656,0.0499695307739183,-0.000921940551747276
"base_demo_empl_disabled","0",482157,21013,0.959440044573566,0.984999765621338,0.0255597210477716
"base_demo_empl_disabled","1",20383,320,0.0405599554264337,0.0150002343786622,-0.0255597210477716
"base_demo_empl_unemployed","0",493031,21059,0.981078123134477,0.987156049313271,0.00607792617879366
"base_demo_empl_unemployed","1",9509,274,0.0189218768655231,0.0128439506867295,-0.00607792617879366
"base_demo_empl_volunteer","0",484152,20432,0.963409877820671,0.957764965077579,-0.00564491274309165
"base_demo_empl_volunteer","1",18388,901,0.036590122179329,0.0422350349224207,0.00564491274309166
"base_demo_empl_student","0",497984,21103,0.990934055000597,0.989218581540337,-0.00171547346026035
"base_demo_empl_student","1",4556,230,0.00906594499940303,0.0107814184596634,0.0017154734602604
"base_demo_occupation","01-manager",55862,3035,0.111159310701636,0.142267847935124,0.0311085372334883
"base_demo_occupation","02-professional",75247,4852,0.149733354558841,0.227441053766465,0.077707699207624
"base_demo_occupation","03-assoc professional",56169,3134,0.111770207346679,0.146908545446023,0.0351383380993437
"base_demo_occupation","04-admin",50799,2315,0.101084490786803,0.108517320583134,0.00743282979633107
"base_demo_occupation","05-skilled trades",24065,736,0.047886735384248,0.034500539070923,-0.013386196313325
"base_demo_occupation","06-personal service",20005,756,0.0398077764954034,0.0354380537195894,-0.00436972277581398
"base_demo_occupation","07-sales customer service",11450,384,0.0227842559796235,0.0180002812543946,-0.00478397472522891
"base_demo_occupation","08-industrial",14912,472,0.0296732598400127,0.0221253457085267,-0.00754791413148604
"base_demo_occupation","09-elementary",16574,396,0.032980459266924,0.0185627900435944,-0.0144176692233296
"base_demo_occupation","10-unemployed/DNK",177457,5253,0.35312014963983,0.246238222472226,-0.106881927167604
"base_demo_educ_collegeplus","0",341362,12013,0.679273291678274,0.563118173721464,-0.11615511795681
"base_demo_educ_collegeplus","1",161178,9320,0.320726708321726,0.436881826278536,0.11615511795681
"base_demo_educ_alevels","0",372319,13715,0.740874358260039,0.642900670322974,-0.0979736879370652
"base_demo_educ_alevels","1",130221,7618,0.259125641739961,0.357099329677026,0.0979736879370652
"base_demo_educ_olevels","0",278009,9739,0.553207704859315,0.456522758168096,-0.0966849466912183
"base_demo_educ_olevels","1",224531,11594,0.446792295140685,0.543477241831904,0.0966849466912183
"base_demo_educ_cses","0",438028,18206,0.871628129104151,0.853419584681011,-0.0182085444231402
"base_demo_educ_cses","1",64512,3127,0.128371870895849,0.146580415318989,0.0182085444231403
"base_demo_educ_vocational","0",411532,17067,0.818903967843356,0.80002812543946,-0.0188758424038957
"base_demo_educ_vocational","1",91008,4266,0.181096032156644,0.19997187456054,0.0188758424038958
"base_demo_educ_profesh","0",363249,13588,0.722826043698014,0.636947452303942,-0.0858785913940718
"base_demo_educ_profesh","1",139291,7745,0.277173956301986,0.363052547696058,0.0858785913940718
"base_demo_educ_highest_full","01-College plus",161178,9320,0.320726708321726,0.436881826278536,0.11615511795681
"base_demo_educ_highest_full","02-A Levels",55326,2755,0.110092728937,0.129142642853795,0.0190499139167946
"base_demo_educ_highest_full","03-O Levels",105200,4308,0.209336570223266,0.201940655322739,-0.00739591490052641
"base_demo_educ_highest_full","04-CSEs",26887,907,0.0535022087794006,0.0425162893170206,-0.0109859194623801
"base_demo_educ_highest_full","05-Vocational",32730,1159,0.0651291439487404,0.054328973890217,-0.0108001700585234
"base_demo_educ_highest_full","06-Other professional",25805,1077,0.05134914633661,0.0504851638306849,-0.000863982505925169
"base_demo_educ_highest_full","07-None",4645,360,0.009243045329725,0.0168752636759949,0.00763221834626994
"base_demo_educ_highest_full","99-DNK/Refused",90769,1447,0.180620448123532,0.067829184831013,-0.112791263292519
"base_demo_educ_highest","01-College plus/profesh",186983,10397,0.372075854658336,0.48736699010922,0.115291135450885
"base_demo_educ_highest","02-A Levels",55326,2755,0.110092728937,0.129142642853795,0.0190499139167946
"base_demo_educ_highest","03-O Levels/CEs",132087,5215,0.262838779002666,0.24445694463976,-0.0183818343629064
"base_demo_educ_highest","04-Vocational/Other",32730,1159,0.0651291439487404,0.054328973890217,-0.0108001700585234
"base_demo_educ_highest","05-None",4645,360,0.009243045329725,0.0168752636759949,0.00763221834626994
"base_demo_educ_highest","99-DNK/Refused",90769,1447,0.180620448123532,0.067829184831013,-0.112791263292519
"base_demo_income_bucket","01-Under 18k",97208,2448,0.193433358538624,0.114751792996766,-0.0786815655418582
"base_demo_income_bucket","02-18k to 31k",108179,4452,0.215264456560672,0.208690760793137,-0.00657369576753439
"base_demo_income_bucket","03-31k to 52k",110776,5983,0.22043220440164,0.280457507148549,0.0600253027469096
"base_demo_income_bucket","04-52k to 100k",86272,5109,0.171671906713893,0.239488117001828,0.0678162102879347
"base_demo_income_bucket","05-Over 100k",22932,1166,0.0456321884825089,0.0546571040172503,0.00902491553474141
"base_demo_income_bucket","06-DNK/Refused",77173,2175,0.153565885302662,0.101954718042469,-0.051611167260193
"base_demo_year_immigrated","00-Born in UK",457981,20259,0.911332431249254,0.949655463366615,0.0383230321173613
"base_demo_year_immigrated","01-Before 1941",696,7,0.0013849643809448,0.000328130127033235,-0.00105683425391157
"base_demo_year_immigrated","02-1941 to 1950",1816,53,0.00361364269510885,0.00248441381896592,-0.00112922887614293
"base_demo_year_immigrated","03-1951 to 1960",5419,163,0.0107832212361205,0.00764074438663104,-0.00314247684948947
"base_demo_year_immigrated","04-1961 to 1970",12540,341,0.0249532375532296,0.0159846247597619,-0.00896861279346772
"base_demo_year_immigrated","05-1971 to 1980",8099,211,0.0161161300592988,0.00989077954343037,-0.0062253505158684
"base_demo_year_immigrated","06-1981 to 1990",5791,118,0.0115234608190393,0.00553133642713167,-0.00599212439190761
"base_demo_year_immigrated","07-1991 to 2000",5529,116,0.011002109284833,0.00543758496226504,-0.00556452432256801
"base_demo_year_immigrated","08-2001 to 2003",2182,34,0.00434194292991603,0.00159377490273286,-0.00274816802718317
"base_demo_year_immigrated","09-2004 to 2006",1875,24,0.00373104628487285,0.00112501757839966,-0.00260602870647318
"base_demo_year_immigrated","10-2007 to 2009",612,7,0.0012178135073825,0.000328130127033235,-0.000889683380349262
"base_demo_hh_size","1",92925,3201,0.184910653878298,0.150049219519055,-0.0348614343592433
"base_demo_hh_size","2",232762,9804,0.463171090858439,0.459569680776262,-0.00360141008217696
"base_demo_hh_size","3",78312,3582,0.155832371552513,0.16790887357615,0.0120765020236364
"base_demo_hh_size","4",67126,3407,0.1335734468898,0.159705620400319,0.0261321735105189
"base_demo_hh_size","5 or more",26863,1286,0.0534544513869543,0.0602821919092486,0.00682774052229431
"base_demo_hh_size","99-DNK/Refused",2121,38,0.00422055955744816,0.00178127783246613,-0.00243928172498203
"base_demo_hh_size",NA,2431,15,0.00483742587654714,0.000703135986499789,-0.00413428989004735
"base_demo_hh_ownrent","01-Own outright",259114,11212,0.515608707764556,0.525570712042376,0.00996200427781968
"base_demo_hh_ownrent","02-Own with mortgage",183373,9008,0.36489234687786,0.42225659775934,0.0573642508814795
"base_demo_hh_ownrent","03-Rent from LA",30547,374,0.0607852111274724,0.0175315239300614,-0.043253687197411
"base_demo_hh_ownrent","04-Rent private",15904,413,0.0316472320611295,0.0193596774949609,-0.0122875545661686
"base_demo_hh_ownrent","05-Shared",1490,36,0.00296493811437895,0.00168752636759949,-0.00127741174677946
"base_demo_hh_ownrent","06-Rent free",3633,112,0.00722927528156963,0.00525008203253176,-0.00197919324903787
"base_demo_hh_ownrent","99-DNK/Refused",8479,178,0.016872288773033,0.00834388037313083,-0.00852840839990216
"base_demo_hh_accom_type","01-House",447824,20341,0.891121104787679,0.953499273426147,0.0623781686384687
"base_demo_hh_accom_type","02-Flat, apartment or temp",53772,986,0.107000437776097,0.0462194721792528,-0.0607809655968446
"base_demo_hh_accom_type","03-Other",81,1,0.000161181199506507,4.68757324333193e-05,-0.000114305467073188
"base_demo_hh_accom_type","99-DNK/Refused",863,5,0.00171727623671748,0.000234378662166596,-0.00148289757455088
"base_health_smoking_status","01-Current",52979,1376,0.105422453934015,0.0645010078282473,-0.0409214461057679
"base_health_smoking_status","02-Previous",173071,6996,0.344392486170255,0.327942624103502,-0.0164498620667535
"base_health_smoking_status","03-Never",273540,12913,0.54431488040753,0.605306332911452,0.060991452503922
"base_health_smoking_status","99-DNK/Refused",2950,48,0.00587017948819994,0.00225003515679932,-0.00362014433140062
"base_health_smoking_current","01-Current",52979,1376,0.105422453934015,0.0645010078282473,-0.0409214461057679
"base_health_smoking_current","02-Not current",449561,19957,0.894577546065985,0.935498992171753,0.0409214461057679
"base_health_BMI_bucket","01-Underweight",2626,84,0.00522545469017392,0.00393756152439882,-0.0012878931657751
"base_health_BMI_bucket","02-Healthy",157438,7950,0.313284514665499,0.372662072844888,0.0593775581793889
"base_health_BMI_bucket","03-Overweight",214227,9271,0.426288454650376,0.434584915389303,0.00829646073892687
"base_health_BMI_bucket","04-Obese",125144,3990,0.249022963346201,0.187034172408944,-0.0619887909372574
"base_health_BMI_bucket","99-DNK/Refused",3105,38,0.00617861264774943,0.00178127783246613,-0.0043973348152833
"base_health_alc_freq","01-Every day or almost",101775,4642,0.202521192342898,0.217597149955468,0.01507595761257
"base_health_alc_freq","02-Three to four times pw",115445,6044,0.229723007123811,0.283316926826982,0.0535939197031706
"base_health_alc_freq","03-Once or twice pw",129297,5525,0.257286982130776,0.258988421694089,0.00170143956331331
"base_health_alc_freq","04-One to three times pm",55860,2324,0.111155330918932,0.108939202175034,-0.00221612874389784
"base_health_alc_freq","05-Special occasions",58013,1785,0.115439566999642,0.0836731823934749,-0.0317663846061669
"base_health_alc_freq","06-Never",40648,1005,0.0808851036733394,0.0471101110954859,-0.0337749925778536
"base_health_alc_freq","99-DNK/Refused",1502,8,0.00298881681060214,0.000375005859466554,-0.00261381095113559
"base_health_alc_weekly_total","-18",17,0,3.38281529828471e-05,0,-3.38281529828471e-05
"base_health_alc_weekly_total","-16",4,0,7.95956540772874e-06,0,-7.95956540772874e-06
"base_health_alc_weekly_total","-15",35,0,6.96461973176265e-05,0,-6.96461973176265e-05
"base_health_alc_weekly_total","-14",5,0,9.94945675966092e-06,0,-9.94945675966092e-06
"base_health_alc_weekly_total","-13",6,0,1.19393481115931e-05,0,-1.19393481115931e-05
"base_health_alc_weekly_total","-12",28,1,5.57169578541012e-05,4.68757324333193e-05,-8.84122542078189e-06
"base_health_alc_weekly_total","-11",14,0,2.78584789270506e-05,0,-2.78584789270506e-05
"base_health_alc_weekly_total","-10",14,0,2.78584789270506e-05,0,-2.78584789270506e-05
"base_health_alc_weekly_total","-9",37,0,7.36259800214908e-05,0,-7.36259800214908e-05
"base_health_alc_weekly_total","-8",19,0,3.78079356867115e-05,0,-3.78079356867115e-05
"base_health_alc_weekly_total","-7",17,0,3.38281529828471e-05,0,-3.38281529828471e-05
"base_health_alc_weekly_total","-6",92,1,0.000183070004377761,4.68757324333193e-05,-0.000136194271944442
"base_health_alc_weekly_total","-5",96,1,0.00019102956978549,4.68757324333193e-05,-0.00014415383735217
"base_health_alc_weekly_total","-4",84,3,0.000167150873562303,0.000140627197299958,-2.65236762623457e-05
"base_health_alc_weekly_total","-3",213,2,0.000423846857961555,9.37514648666385e-05,-0.000330095393094917
"base_health_alc_weekly_total","-2",246,5,0.000489513272575317,0.000234378662166596,-0.000255134610408721
"base_health_alc_weekly_total","-1",483,9,0.000961117522983245,0.000421881591899873,-0.000539235931083372
"base_health_alc_weekly_total","0",157208,5161,0.312826839654555,0.241925655088361,-0.0709011845661941
"base_health_alc_weekly_total","1",5778,231,0.0114975922314642,0.0108282941920968,-0.000669298039367409
"base_health_alc_weekly_total","2",17882,782,0.0355832371552513,0.0366568227628557,0.00107358560760434
"base_health_alc_weekly_total","3",21166,958,0.0421180403549966,0.0449069516711199,0.00278891131612324
"base_health_alc_weekly_total","4",26430,1216,0.0525928284315676,0.0570008906389162,0.00440806220734859
"base_health_alc_weekly_total","5",21609,1089,0.0429995622239026,0.0510476726198847,0.00804811039598211
"base_health_alc_weekly_total","6",30090,1464,0.0598758307796394,0.0686260722823794,0.00875024150273997
"base_health_alc_weekly_total","7",21588,1047,0.042957774505512,0.0490788918576853,0.00612111735217328
"base_health_alc_weekly_total","8",22711,1064,0.0451924224937318,0.0498757793090517,0.00468335681531986
"base_health_alc_weekly_total","9",16266,826,0.0323675727305289,0.0387193549899217,0.00635178225939281
"base_health_alc_weekly_total","10",19139,913,0.0380845305846301,0.0427975437116205,0.00471301312699041
"base_health_alc_weekly_total","11",10738,527,0.0213674533370478,0.0247035109923593,0.00333605765531146
"base_health_alc_weekly_total","12",18181,849,0.036178214669479,0.0397974968358881,0.00361928216640901
"base_health_alc_weekly_total","13",8801,471,0.0175130337883552,0.0220784699760934,0.00456543618773822
"base_health_alc_weekly_total","14",13353,647,0.0265710192223505,0.0303285988843576,0.00375757966200711
"base_health_alc_weekly_total","15",9305,448,0.018515939029729,0.021000328130127,0.00248438910039805
"base_health_alc_weekly_total","16",9128,455,0.018163728260437,0.0213284582571603,0.00316472999672329
"base_health_alc_weekly_total","17",5295,256,0.0105364747084809,0.0120001875029297,0.00146371279444882
"base_health_alc_weekly_total","18",8304,390,0.0165240577864449,0.0182815356489945,0.00175747786254966
"base_health_alc_weekly_total","19",3973,198,0.00790583834122657,0.00928139502179722,0.00137555668057065
"base_health_alc_weekly_total","20",7218,317,0.0143630357782465,0.0148596071813622,0.0004965714031157
"base_health_alc_weekly_total","21",5061,236,0.0100708401321288,0.0110626728542633,0.000991832722134562
"base_health_alc_weekly_total","22",4365,225,0.00868587575118399,0.0105470397974968,0.00186116404631285
"base_health_alc_weekly_total","23",2633,134,0.00523938392963744,0.00628134814606478,0.00104196421642734
"base_health_alc_weekly_total","24",4327,194,0.00861025987981056,0.00909389209206394,0.000483632212253378
"base_health_alc_weekly_total","25",3157,149,0.00628208699804991,0.00698448413256457,0.000702397134514665
"base_health_alc_weekly_total","26",2542,123,0.00505830381661161,0.00576571508929827,0.000707411272686658
"base_health_alc_weekly_total","27",1920,75,0.00382059139570979,0.00351567993249895,-0.000304911463210849
"base_health_alc_weekly_total","28",2493,100,0.00496079914036694,0.00468757324333193,-0.000273225897035009
"base_health_alc_weekly_total","29",1309,59,0.00260476777967923,0.00276566821356584,0.000160900433886607
"base_health_alc_weekly_total","30",2924,119,0.00581844231304971,0.00557821215956499,-0.000240230153484715
"base_health_alc_weekly_total","31",1196,52,0.00237991005691089,0.0024375380865326,5.76280296217097e-05
"base_health_alc_weekly_total","32",1415,67,0.00281569626298404,0.00314067407303239,0.00032497781004835
"base_health_alc_weekly_total","33",937,30,0.00186452819676046,0.00140627197299958,-0.000458256223760879
"base_health_alc_weekly_total","34",995,40,0.00197994189517252,0.00187502929733277,-0.000104912597839753
"base_health_alc_weekly_total","35",1115,41,0.00221872885740439,0.00192190502976609,-0.000296823827638296
"base_health_alc_weekly_total","36",1080,47,0.00214908266008676,0.00220315942436601,5.40767642792464e-05
"base_health_alc_weekly_total","37",650,21,0.00129342937875592,0.000984390381099705,-0.000309038997656215
"base_health_alc_weekly_total","38",627,26,0.00124766187766148,0.0012187690432663,-2.88928343951786e-05
"base_health_alc_weekly_total","39",462,23,0.000919329804592669,0.00107814184596634,0.000158812041373674
"base_health_alc_weekly_total","40",924,36,0.00183865960918534,0.00168752636759949,-0.000151133241585845
"base_health_alc_weekly_total","41",339,4,0.000674573168305011,0.000187502929733277,-0.000487070238571733
"base_health_alc_weekly_total","42",900,29,0.00179090221673897,0.00135939624056626,-0.000431505976172707
"base_health_alc_weekly_total","43",357,14,0.00071039121263979,0.00065626025406647,-5.41309585733201e-05
"base_health_alc_weekly_total","44",384,18,0.000764118279141959,0.000843763183799747,7.96449046577881e-05
"base_health_alc_weekly_total","45",367,14,0.000730290126159112,0.00065626025406647,-7.40298720926419e-05
"base_health_alc_weekly_total","46",371,13,0.00073824969156684,0.000609384521633151,-0.00012886516993369
"base_health_alc_weekly_total","47",221,6,0.000439765988777013,0.000281254394599916,-0.000158511594177097
"base_health_alc_weekly_total","48",292,11,0.000581048274764198,0.000515633056766512,-6.54152179976859e-05
"base_health_alc_weekly_total","49",232,8,0.000461654793648267,0.000375005859466554,-8.66489341817127e-05
"base_health_alc_weekly_total","50",443,12,0.000881521868905958,0.000562508789199831,-0.000319013079706127
"base_health_alc_weekly_total","51",155,5,0.000308433159549489,0.000234378662166596,-7.40544973828922e-05
"base_health_alc_weekly_total","52",236,15,0.000469614359055996,0.000703135986499789,0.000233521627443794
"base_health_alc_weekly_total","53",128,4,0.00025470609304732,0.000187502929733277,-6.72031633140425e-05
"base_health_alc_weekly_total","54",175,2,0.000348230986588132,9.37514648666385e-05,-0.000254479521721494
"base_health_alc_weekly_total","55",144,5,0.000286544354678235,0.000234378662166596,-5.21656925116382e-05
"base_health_alc_weekly_total","56",208,3,0.000413897401201894,0.000140627197299958,-0.000273270203901937
"base_health_alc_weekly_total","57",87,1,0.0001731205476181,4.68757324333193e-05,-0.000126244815184781
"base_health_alc_weekly_total","58",90,3,0.000179090221673897,0.000140627197299958,-3.84630243739388e-05
"base_health_alc_weekly_total","59",65,3,0.000129342937875592,0.000140627197299958,1.12842594243658e-05
"base_health_alc_weekly_total","60",161,1,0.000320372507661082,4.68757324333193e-05,-0.000273496775227762
"base_health_alc_weekly_total","61",65,4,0.000129342937875592,0.000187502929733277,5.81599918576851e-05
"base_health_alc_weekly_total","62",91,2,0.000181080113025829,9.37514648666385e-05,-8.73286481591902e-05
"base_health_alc_weekly_total","63",71,6,0.000141282285987185,0.000281254394599916,0.00013997210861273
"base_health_alc_weekly_total","64",91,0,0.000181080113025829,0,-0.000181080113025829
"base_health_alc_weekly_total","65",67,1,0.000133322720579456,4.68757324333193e-05,-8.64469881461371e-05
"base_health_alc_weekly_total","66",52,0,0.000103474350300474,0,-0.000103474350300474
"base_health_alc_weekly_total","67",38,2,7.5615871373423e-05,9.37514648666385e-05,1.81355934932155e-05
"base_health_alc_weekly_total","68",59,1,0.000117403589763999,4.68757324333193e-05,-7.05278573306796e-05
"base_health_alc_weekly_total","69",27,1,5.3727066502169e-05,4.68757324333193e-05,-6.85133406884971e-06
"base_health_alc_weekly_total","70",96,3,0.00019102956978549,0.000140627197299958,-5.04023724855319e-05
"base_health_alc_weekly_total","71",31,0,6.16866319098977e-05,0,-6.16866319098977e-05
"base_health_alc_weekly_total","72",52,1,0.000103474350300474,4.68757324333193e-05,-5.65986178671543e-05
"base_health_alc_weekly_total","73",20,0,3.97978270386437e-05,0,-3.97978270386437e-05
"base_health_alc_weekly_total","74",30,0,5.96967405579655e-05,0,-5.96967405579655e-05
"base_health_alc_weekly_total","75",46,0,9.15350021888805e-05,0,-9.15350021888805e-05
"base_health_alc_weekly_total","76",34,0,6.76563059656943e-05,0,-6.76563059656943e-05
"base_health_alc_weekly_total","77",28,1,5.57169578541012e-05,4.68757324333193e-05,-8.84122542078189e-06
"base_health_alc_weekly_total","78",24,1,4.77573924463724e-05,4.68757324333193e-05,-8.81660013053156e-07
"base_health_alc_weekly_total","79",18,1,3.58180443347793e-05,4.68757324333193e-05,1.105768809854e-05
"base_health_alc_weekly_total","80",54,1,0.000107454133004338,4.68757324333193e-05,-6.05784005710187e-05
"base_health_alc_weekly_total","81",19,1,3.78079356867115e-05,4.68757324333193e-05,9.06779674660776e-06
"base_health_alc_weekly_total","82",16,0,3.1838261630915e-05,0,-3.1838261630915e-05
"base_health_alc_weekly_total","83",16,1,3.1838261630915e-05,4.68757324333193e-05,1.50374708024043e-05
"base_health_alc_weekly_total","84",38,2,7.5615871373423e-05,9.37514648666385e-05,1.81355934932155e-05
"base_health_alc_weekly_total","85",15,0,2.98483702789828e-05,0,-2.98483702789828e-05
"base_health_alc_weekly_total","86",18,2,3.58180443347793e-05,9.37514648666385e-05,5.79334205318592e-05
"base_health_alc_weekly_total","87",18,0,3.58180443347793e-05,0,-3.58180443347793e-05
"base_health_alc_weekly_total","88",20,0,3.97978270386437e-05,0,-3.97978270386437e-05
"base_health_alc_weekly_total","89",14,0,2.78584789270506e-05,0,-2.78584789270506e-05
"base_health_alc_weekly_total","90",27,2,5.3727066502169e-05,9.37514648666385e-05,4.00243983644696e-05
"base_health_alc_weekly_total","91",6,0,1.19393481115931e-05,0,-1.19393481115931e-05
"base_health_alc_weekly_total","92",7,0,1.39292394635253e-05,0,-1.39292394635253e-05
"base_health_alc_weekly_total","93",9,0,1.79090221673897e-05,0,-1.79090221673897e-05
"base_health_alc_weekly_total","94",9,0,1.79090221673897e-05,0,-1.79090221673897e-05
"base_health_alc_weekly_total","95",11,0,2.1888804871254e-05,0,-2.1888804871254e-05
"base_health_alc_weekly_total","96",10,0,1.98989135193218e-05,0,-1.98989135193218e-05
"base_health_alc_weekly_total","97",4,0,7.95956540772874e-06,0,-7.95956540772874e-06
"base_health_alc_weekly_total","98",9,0,1.79090221673897e-05,0,-1.79090221673897e-05
"base_health_alc_weekly_total","99",5,0,9.94945675966092e-06,0,-9.94945675966092e-06
"base_health_alc_weekly_total","100",41,1,8.15855454292196e-05,4.68757324333193e-05,-3.47098129959003e-05
"base_health_alc_weekly_total","101",3,0,5.96967405579655e-06,0,-5.96967405579655e-06
"base_health_alc_weekly_total","102",6,0,1.19393481115931e-05,0,-1.19393481115931e-05
"base_health_alc_weekly_total","103",9,0,1.79090221673897e-05,0,-1.79090221673897e-05
"base_health_alc_weekly_total","104",5,0,9.94945675966092e-06,0,-9.94945675966092e-06
"base_health_alc_weekly_total","105",8,0,1.59191308154575e-05,0,-1.59191308154575e-05
"base_health_alc_weekly_total","106",8,0,1.59191308154575e-05,0,-1.59191308154575e-05
"base_health_alc_weekly_total","107",1,0,1.98989135193218e-06,0,-1.98989135193218e-06
"base_health_alc_weekly_total","108",6,0,1.19393481115931e-05,0,-1.19393481115931e-05
"base_health_alc_weekly_total","109",5,0,9.94945675966092e-06,0,-9.94945675966092e-06
"base_health_alc_weekly_total","110",4,0,7.95956540772874e-06,0,-7.95956540772874e-06
"base_health_alc_weekly_total","111",5,0,9.94945675966092e-06,0,-9.94945675966092e-06
"base_health_alc_weekly_total","112",5,0,9.94945675966092e-06,0,-9.94945675966092e-06
"base_health_alc_weekly_total","114",5,0,9.94945675966092e-06,0,-9.94945675966092e-06
"base_health_alc_weekly_total","115",3,0,5.96967405579655e-06,0,-5.96967405579655e-06
"base_health_alc_weekly_total","116",2,0,3.97978270386437e-06,0,-3.97978270386437e-06
"base_health_alc_weekly_total","117",3,0,5.96967405579655e-06,0,-5.96967405579655e-06
"base_health_alc_weekly_total","118",3,0,5.96967405579655e-06,0,-5.96967405579655e-06
"base_health_alc_weekly_total","119",2,0,3.97978270386437e-06,0,-3.97978270386437e-06
"base_health_alc_weekly_total","120",2,0,3.97978270386437e-06,0,-3.97978270386437e-06
"base_health_alc_weekly_total","121",1,0,1.98989135193218e-06,0,-1.98989135193218e-06
"base_health_alc_weekly_total","122",1,0,1.98989135193218e-06,0,-1.98989135193218e-06
"base_health_alc_weekly_total","123",6,0,1.19393481115931e-05,0,-1.19393481115931e-05
"base_health_alc_weekly_total","124",2,0,3.97978270386437e-06,0,-3.97978270386437e-06
"base_health_alc_weekly_total","125",7,0,1.39292394635253e-05,0,-1.39292394635253e-05
"base_health_alc_weekly_total","126",1,0,1.98989135193218e-06,0,-1.98989135193218e-06
"base_health_alc_weekly_total","129",1,0,1.98989135193218e-06,0,-1.98989135193218e-06
"base_health_alc_weekly_total","130",2,0,3.97978270386437e-06,0,-3.97978270386437e-06
"base_health_alc_weekly_total","131",3,0,5.96967405579655e-06,0,-5.96967405579655e-06
"base_health_alc_weekly_total","132",1,0,1.98989135193218e-06,0,-1.98989135193218e-06
"base_health_alc_weekly_total","133",5,0,9.94945675966092e-06,0,-9.94945675966092e-06
"base_health_alc_weekly_total","136",1,0,1.98989135193218e-06,0,-1.98989135193218e-06
"base_health_alc_weekly_total","137",1,0,1.98989135193218e-06,0,-1.98989135193218e-06
"base_health_alc_weekly_total","138",1,0,1.98989135193218e-06,0,-1.98989135193218e-06
"base_health_alc_weekly_total","140",2,0,3.97978270386437e-06,0,-3.97978270386437e-06
"base_health_alc_weekly_total","141",2,0,3.97978270386437e-06,0,-3.97978270386437e-06
"base_health_alc_weekly_total","144",2,0,3.97978270386437e-06,0,-3.97978270386437e-06
"base_health_alc_weekly_total","145",1,0,1.98989135193218e-06,0,-1.98989135193218e-06
"base_health_alc_weekly_total","146",1,0,1.98989135193218e-06,0,-1.98989135193218e-06
"base_health_alc_weekly_total","148",1,0,1.98989135193218e-06,0,-1.98989135193218e-06
"base_health_alc_weekly_total","149",1,0,1.98989135193218e-06,0,-1.98989135193218e-06
"base_health_alc_weekly_total","150",3,0,5.96967405579655e-06,0,-5.96967405579655e-06
"base_health_alc_weekly_total","153",1,0,1.98989135193218e-06,0,-1.98989135193218e-06
"base_health_alc_weekly_total","160",1,0,1.98989135193218e-06,0,-1.98989135193218e-06
"base_health_alc_weekly_total","168",1,0,1.98989135193218e-06,0,-1.98989135193218e-06
"base_health_alc_weekly_total","169",1,0,1.98989135193218e-06,0,-1.98989135193218e-06
"base_health_alc_weekly_total","170",1,0,1.98989135193218e-06,0,-1.98989135193218e-06
"base_health_alc_weekly_total","174",2,0,3.97978270386437e-06,0,-3.97978270386437e-06
"base_health_alc_weekly_total","175",5,0,9.94945675966092e-06,0,-9.94945675966092e-06
"base_health_alc_weekly_total","177",1,0,1.98989135193218e-06,0,-1.98989135193218e-06
"base_health_alc_weekly_total","178",1,0,1.98989135193218e-06,0,-1.98989135193218e-06
"base_health_alc_weekly_total","179",1,0,1.98989135193218e-06,0,-1.98989135193218e-06
"base_health_alc_weekly_total","182",2,0,3.97978270386437e-06,0,-3.97978270386437e-06
"base_health_alc_weekly_total","183",1,0,1.98989135193218e-06,0,-1.98989135193218e-06
"base_health_alc_weekly_total","184",1,0,1.98989135193218e-06,0,-1.98989135193218e-06
"base_health_alc_weekly_total","185",1,0,1.98989135193218e-06,0,-1.98989135193218e-06
"base_health_alc_weekly_total","190",2,0,3.97978270386437e-06,0,-3.97978270386437e-06
"base_health_alc_weekly_total","195",1,0,1.98989135193218e-06,0,-1.98989135193218e-06
"base_health_alc_weekly_total","200",2,0,3.97978270386437e-06,0,-3.97978270386437e-06
"base_health_alc_weekly_total","203",1,0,1.98989135193218e-06,0,-1.98989135193218e-06
"base_health_alc_weekly_total","205",1,0,1.98989135193218e-06,0,-1.98989135193218e-06
"base_health_alc_weekly_total","210",2,0,3.97978270386437e-06,0,-3.97978270386437e-06
"base_health_alc_weekly_total","214",1,0,1.98989135193218e-06,0,-1.98989135193218e-06
"base_health_alc_weekly_total","216",1,0,1.98989135193218e-06,0,-1.98989135193218e-06
"base_health_alc_weekly_total","220",1,0,1.98989135193218e-06,0,-1.98989135193218e-06
"base_health_alc_weekly_total","221",1,0,1.98989135193218e-06,0,-1.98989135193218e-06
"base_health_alc_weekly_total","225",1,0,1.98989135193218e-06,0,-1.98989135193218e-06
"base_health_alc_weekly_total","235",1,0,1.98989135193218e-06,0,-1.98989135193218e-06
"base_health_alc_weekly_total","246",1,0,1.98989135193218e-06,0,-1.98989135193218e-06
"base_health_alc_weekly_total","252",1,0,1.98989135193218e-06,0,-1.98989135193218e-06
"base_health_alc_weekly_total","256",1,0,1.98989135193218e-06,0,-1.98989135193218e-06
"base_health_alc_weekly_total","259",1,0,1.98989135193218e-06,0,-1.98989135193218e-06
"base_health_alc_weekly_total","320",1,0,1.98989135193218e-06,0,-1.98989135193218e-06
"base_health_alc_weekly_total","327",1,0,1.98989135193218e-06,0,-1.98989135193218e-06
"base_health_alc_weekly_total","380",1,0,1.98989135193218e-06,0,-1.98989135193218e-06
"base_health_alc_weekly_total","483",1,0,1.98989135193218e-06,0,-1.98989135193218e-06
"base_health_bp_cat","01-Normal",75369,3791,0.149976121303777,0.177705901654713,0.0277297803509365
"base_health_bp_cat","02-Elevated",61613,2999,0.122603175866598,0.140580321567524,0.0179771457009268
"base_health_bp_cat","03-Stage 1 HBP",233011,9859,0.46366657380507,0.462147846060095,-0.00151872774497558
"base_health_bp_cat","04-Stage 2 HBP",131222,4673,0.261117522983245,0.219050297660901,-0.0420672253223441
"base_health_bp_cat","99-DNK/Refused",1325,11,0.00263660604131014,0.000515633056766512,-0.00212097298454363
"base_health_bp_high_ever","01-Yes",121205,3966,0.24118478131094,0.185909154830544,-0.0552756264803962
"base_health_bp_high_ever","02-No",367891,17090,0.732063119353683,0.801106267285426,0.069043147931743
"base_health_bp_high_ever","03-DNK/Refused",13444,277,0.0267520993353763,0.0129845778840294,-0.0137675214513468
"base_health_bp_meds_current","01-Yes",56085,1756,0.111603056473117,0.0823137861529086,-0.0292892703202079
"base_health_bp_meds_current","02-No",446455,19577,0.888396943526883,0.917686213847091,0.0292892703202079
"base_health_diabetes","01-Yes",26402,564,0.0525371114737135,0.0264379130923921,-0.0260991983813215
"base_health_diabetes","02-No",476138,20769,0.947462888526286,0.973562086907608,0.0260991983813215
